titulo,preco,descricao,detalhes,links_imagens
Apartamento T5 para arrendar em Lisboa,2 650 ‚Ç¨,"** Espa√ßoso e renovado apartamento com 5 quartos !*** | O INTERIOR | O PREDIO | A ZONA | CONDI√áOES DE ACESSO | **ISENTO DE LICEN√áA DE UTILIZA√áAO** | *************************************************************************** | ** Spacious, renovated 6-bedroom apartment*** | THE INTERIOR | THE BUILDING | THE AREA | ACCESS CONDITIONS | Same documents as guarantor(s) | **EXEMPTION FROM LICENSE TO USE** | **************************************************************************** | ** Spacieux appartement r√©nov√© avec 6 chambres √† coucher**. | L'INTERIEUR | LE B√ÇTIMENT | LE SECTEUR | CONDITIONS D'ACC√àS | **EXEMPTION DU PERMIS D'UTILISATION",√Årea Bruta Privativa m¬≤ | 145 | √Årea Bruta m¬≤ | 258 | √Årea Total do Lote m¬≤ | - - | √Årea √ötil m¬≤ | 145 | Quartos | 5 | Ano de Constru√ß√£o | 1951 | Piso | 2o Andar | WC/Casas de banho | 2 | Elevador | N√£o | Estacionamento | N√£o | Carregamento de Carros El√©tricos | N√£o | Efici√™ncia energ√©tica | ,"https://i.maxwork.pt/l-feat/listings/12099/6995047/74de24e6-f84e-4b8a-99f1-9720ee9be954.jpg, https://i.maxwork.pt/l-feat/listings/12099/6995047/af767342-c1bc-4389-af42-44a1b9021d35.jpg, https://i.maxwork.pt/l-feat/listings/12099/6995047/b1533650-7585-442d-9760-506e59859a55.jpg, https://i.maxwork.pt/l-feat/listings/12099/6995047/c7f72595-39eb-49b5-817e-1cb830d6f07d.jpg, https://i.maxwork.pt/l-feat/listings/12099/6995047/3d3d13bb-9faf-49bc-8e13-b14de6565cea.jpg, https://i.maxwork.pt/ds-l/listings/12099/6995047/af767342-c1bc-4389-af42-44a1b9021d35.jpg, https://i.maxwork.pt/ds-l/listings/12099/6995047/b1533650-7585-442d-9760-506e59859a55.jpg, https://i.maxwork.pt/ds-l/listings/12099/6995047/c7f72595-39eb-49b5-817e-1cb830d6f07d.jpg, https://i.maxwork.pt/ds-l/listings/12099/6995047/3d3d13bb-9faf-49bc-8e13-b14de6565cea.jpg, https://i.maxwork.pt/ds-l/listings/12099/6995047/631815c8-4bb6-4c1e-860f-ce4462a4171c.jpg, https://i.maxwork.pt/ds-l/listings/12099/6995047/da454871-f3dc-47cc-8d57-fcd34515a40a.jpg, https://i.maxwork.pt/ds-l/listings/12099/6995047/af279fef-7ce4-4c66-8f72-1220ff471c09.jpg, https://i.maxwork.pt/ds-l/listings/12099/6995047/e5c4eb4c-75ca-4ae2-bc4e-75fa6b0d392b.jpg, https://i.maxwork.pt/ds-l/listings/12099/6995047/9c6fad09-c8e6-4297-820d-e0a47625fb82.jpg, https://i.maxwork.pt/ds-l/listings/12099/6995047/8da7cfb7-b57c-43e5-8360-e95900ab5c85.jpg, https://i.maxwork.pt/ds-l/listings/12099/6995047/15e544a8-4480-45fa-81c1-0f77e1972fb2.jpg, https://i.maxwork.pt/ds-l/listings/12099/6995047/01e381ae-daee-4140-8ca5-50d92dc3b294.jpg, https://i.maxwork.pt/ds-l/listings/12099/6995047/e7faaee3-01ae-4db7-b0a0-013ee93f331a.jpg, https://i.maxwork.pt/ds-l/listings/12099/6995047/56e24801-a1cd-4497-8aad-d60f4bf14c41.jpg, https://i.maxwork.pt/ds-l/listings/12099/6995047/1d38fe4d-617a-42c4-a8ad-d3bc35e3836c.jpg, https://i.maxwork.pt/ds-l/listings/12099/6995047/7acb3185-4874-45a2-8ff4-689f8c62750c.jpg, https://i.maxwork.pt/ds-l/listings/12099/6995047/905dc916-61de-4041-a184-b9bf6e5b45df.jpg, https://i.maxwork.pt/ds-l/listings/12099/6995047/a22aaae9-e545-4ca8-b436-ffae30fce6a0.jpg, https://i.maxwork.pt/ds-l/listings/12099/6995047/dbaa6ed4-b71b-49c0-af69-4b95e1370c75.jpg, https://i.maxwork.pt/ds-l/listings/12099/6995047/0a47ce5e-af82-4a1b-80eb-30faa98ee3b4.jpg, https://i.maxwork.pt/ds-l/listings/12099/6995047/9f6a51f2-b2a6-4c8e-9f5d-c001f4c9af3e.jpg, https://i.maxwork.pt/ds-l/listings/12099/6995047/58ecc74d-a37e-4260-8ac2-945eb6f49d18.jpg, https://i.maxwork.pt/ds-l/listings/12099/6995047/5c1077e8-bff3-46f8-981a-580525c76777.jpg, https://i.maxwork.pt/ds-l/listings/12099/6995047/73e4d201-d6ac-4972-9fdc-ad527768cfab.jpg, https://i.maxwork.pt/ds-l/listings/12099/6995047/d1d29a9e-590c-4033-a229-a660c631bbf2.jpg, https://i.maxwork.pt/ds-l/listings/12099/6995047/cbfc7fe4-26dc-46fb-9cb8-01fd29869bb7.jpg, https://i.maxwork.pt/ds-l/listings/12099/6995047/043dd85c-8df7-4a67-9ee9-96d1671db1e0.jpg, https://i.maxwork.pt/ds-l/listings/12099/6995047/a3e23039-42d9-4510-91cf-8a17420babb4.jpg, https://i.maxwork.pt/ds-l/listings/12099/6995047/5087fbe9-9584-4ad1-9b1d-79c3afa9bba6.jpg, https://i.maxwork.pt/ds-l/listings/12099/6995047/f16424d7-d64e-4b7e-94d7-d735fb705d38.jpg, https://i.maxwork.pt/ds-l/listings/12099/6995047/c70b73a2-7eb8-4f47-9a0f-19c41a6cae51.jpg, https://i.maxwork.pt/ds-l/listings/12099/6995047/54aaa857-5890-49a9-a4fa-b5d32e5b9d91.jpg, https://i.maxwork.pt/ds-l/listings/12099/6995047/03048ef2-9470-4aee-9a87-baddee0e3f75.jpg, https://i.maxwork.pt/ds-l/listings/12099/6995047/4c4d97da-0a99-4152-a0c8-4808825e12e4.jpg, https://i.maxwork.pt/ds-l/listings/12099/6995047/0263d508-1b60-4d74-a366-6a103b470d02.jpg"
Apartamento T5 para arrendar em Almada,2 400 ‚Ç¨,"Apartamento 2 pisos T5 com Vista Panor√¢mica no Centro de Almada | Dispon√≠vel para entrada imdediata, este espa√ßoso apartamento 2 pisos de 218m¬≤, localizado em pleno centro de Almada, oferece conforto, amplitude e uma vista deslumbrante sobre a cidade. | Situado no 7.¬∫ andar de um pr√©dio com elevador, o im√≥vel destaca-se pela excelente distribui√ß√£o de espa√ßos: | ‚Ä¢ 5 quartos, ideais para fam√≠lias numerosas ou para quem procura espa√ßo para escrit√≥rio em casa; | ‚Ä¢ 2 salas amplas, com 29m¬≤ e 46m¬≤, perfeitas para momentos de conv√≠vio ou lazer; | ‚Ä¢ 4 casas de banho bem distribu√≠das pelas duas plantas; | ‚Ä¢ Vista privilegiada, com √≥tima exposi√ß√£o solar. | O apartamento ser√° arrendado sem mob√≠lia. | Condi√ß√µes de Arrendamento: | ‚Ä¢ Valor da renda: 2.400‚Ç¨/m√™s | ‚Ä¢ Pagamento inicial: 2 rendas + 2 cau√ß√µes | ‚Ä¢ Declara√ß√£o de IRS | ‚Ä¢ 3 √∫ltimos recibos de vencimento | ‚Ä¢ Contrato de trabalho | ‚Ä¢ Fiador | Uma excelente oportunidade para quem procura viver com qualidade e centralidade em Almada, com f√°cil acesso a transportes, com√©rcio, servi√ßos e escolas. | Agende j√° a sua visita!",√Årea Bruta Privativa m¬≤ | 218 | √Årea Bruta m¬≤ | - - | √Årea Total do Lote m¬≤ | - - | √Årea √ötil m¬≤ | 210 | Quartos | 5 | Ano de Constru√ß√£o | 1977 | Piso | 7o Andar | WC/Casas de banho | 4 | Elevador | Sim | Estacionamento | N√£o | Carregamento de Carros El√©tricos | N√£o | Efici√™ncia energ√©tica | ,"https://i.maxwork.pt/l-feat/listings/12400/6993396/121bc16c-3ea5-4be0-a421-1087a315e4e4.jpg, https://i.maxwork.pt/l-feat/listings/12400/6993396/3f33a6c0-d22c-4f56-a884-18256bf62242.jpg, https://i.maxwork.pt/l-feat/listings/12400/6993396/81be135f-4131-49ca-b307-d102455d31a8.jpg, https://i.maxwork.pt/l-feat/listings/12400/6993396/69e7063a-34b0-48ab-84f7-4455cf379542.jpg, https://i.maxwork.pt/l-feat/listings/12400/6993396/2ecd40a8-f790-4a46-aee4-649882e34849.jpg, https://i.maxwork.pt/ds-l/listings/12400/6993396/3f33a6c0-d22c-4f56-a884-18256bf62242.jpg, https://i.maxwork.pt/ds-l/listings/12400/6993396/81be135f-4131-49ca-b307-d102455d31a8.jpg, https://i.maxwork.pt/ds-l/listings/12400/6993396/69e7063a-34b0-48ab-84f7-4455cf379542.jpg, https://i.maxwork.pt/ds-l/listings/12400/6993396/2ecd40a8-f790-4a46-aee4-649882e34849.jpg, https://i.maxwork.pt/ds-l/listings/12400/6993396/f32493e2-7986-4931-9178-3909911afaad.jpg, https://i.maxwork.pt/ds-l/listings/12400/6993396/3b116b0c-56c9-4cfe-8a42-99b45c7a12bb.jpg, https://i.maxwork.pt/ds-l/listings/12400/6993396/99b71eeb-ab37-4a55-97ae-db2c2951ddeb.jpg, https://i.maxwork.pt/ds-l/listings/12400/6993396/adb1fb10-d4b1-4c6f-bab0-537d26ab6bf9.jpg, https://i.maxwork.pt/ds-l/listings/12400/6993396/c3421c46-f669-4df9-8eb9-08de05669770.jpg, https://i.maxwork.pt/ds-l/listings/12400/6993396/b6ee13cc-c5b0-45ec-bfe7-06e3a9210625.jpg, https://i.maxwork.pt/ds-l/listings/12400/6993396/75dbf323-1c72-4fdc-b39b-d794d0c06795.jpg, https://i.maxwork.pt/ds-l/listings/12400/6993396/192869fc-0ce6-45e8-a647-01ce9ab5b798.jpg, https://i.maxwork.pt/ds-l/listings/12400/6993396/07d98829-8353-4a26-a640-32b4f19943c2.jpg, https://i.maxwork.pt/ds-l/listings/12400/6993396/ba58b7be-b57a-4d6e-bd07-3082117740e6.jpg, https://i.maxwork.pt/ds-l/listings/12400/6993396/1f542b69-f9a3-449c-ae62-2f5b55e8e49b.jpg, https://i.maxwork.pt/ds-l/listings/12400/6993396/8c55a35d-e406-497a-9f3d-694e4b89bc1d.jpg, https://i.maxwork.pt/ds-l/listings/12400/6993396/c81293f2-0b89-4b06-89b4-22b04d95a133.jpg, https://i.maxwork.pt/ds-l/listings/12400/6993396/eef467ce-4c96-4de9-84eb-dc522c98e901.jpg, https://i.maxwork.pt/ds-l/listings/12400/6993396/4fe46970-9af3-409c-9374-705a0d7dad39.jpg, https://i.maxwork.pt/ds-l/listings/12400/6993396/98ce1b8e-c963-41b6-842a-394b842b22a2.jpg, https://i.maxwork.pt/ds-l/listings/12400/6993396/f3b93c43-1b08-4205-a34e-942ff0a21d9f.jpg, https://i.maxwork.pt/ds-l/listings/12400/6993396/b62f3e9e-4607-457e-8f42-ec28658d2cc6.jpg, https://i.maxwork.pt/ds-l/listings/12400/6993396/91512ad1-e368-474e-a2c4-464be2d2e21e.jpg, https://i.maxwork.pt/ds-l/listings/12400/6993396/a03703fd-b70c-4b9d-804a-008cb959d838.jpg, https://i.maxwork.pt/ds-l/listings/12400/6993396/be566414-e974-4e1d-b816-6f7330942573.jpg, https://i.maxwork.pt/ds-l/listings/12400/6993396/3932e243-0c2d-48a1-a260-1be25676c76c.jpg, https://i.maxwork.pt/ds-l/listings/12400/6993396/23dbd076-fd73-4e7e-9b30-3278dee494fd.jpg, https://i.maxwork.pt/ds-l/listings/12400/6993396/a751efe9-d4f5-4307-9c73-82f111188960.jpg, https://i.maxwork.pt/ds-l/listings/12400/6993396/a9b5bff8-3678-403b-ab18-e436929a8a77.jpg, https://i.maxwork.pt/ds-l/listings/12400/6993396/9f36211d-3b83-401c-9cff-ce0dc08106a9.jpg, https://i.maxwork.pt/ds-l/listings/12400/6993396/1b212781-6fb8-4bf0-8be8-849c0babad46.jpg, https://i.maxwork.pt/ds-l/listings/12400/6993396/dabf0a4b-b686-4bbf-9421-7f67a6b6abaf.jpg, https://i.maxwork.pt/ds-l/listings/12400/6993396/2e6c0557-2552-43e0-8889-2683aeda076e.jpg, https://i.maxwork.pt/ds-l/listings/12400/6993396/c23a5bf7-5948-4458-9ac7-dcf1d0c7edc3.jpg, https://i.maxwork.pt/ds-l/listings/12400/6993396/0f985446-fe05-40ce-9a3c-1f9f3ba243eb.jpg, https://i.maxwork.pt/ds-l/listings/12400/6993396/42d9dc15-d2f2-47ab-80e5-db9f2c6b563d.jpg, https://i.maxwork.pt/ds-l/listings/12400/6993396/33c99c44-7360-42de-8ada-1b1efbcbe116.jpg, https://i.maxwork.pt/ds-l/listings/12400/6993396/fbc18a1b-6885-49fc-913f-e10a582a1531.jpg, https://i.maxwork.pt/ds-l/listings/12400/6993396/fb4d6077-ad45-44de-8694-7451c56cea27.jpg, https://i.maxwork.pt/ds-l/listings/12400/6993396/2ad2f2e8-fc3c-4be7-a11f-ff50df723633.jpg, https://i.maxwork.pt/ds-l/listings/12400/6993396/9d9d69a6-b8e2-4d93-9186-eb9e596fa83e.jpg, https://i.maxwork.pt/ds-l/listings/12400/6993396/29ef7e2e-d9e3-4ac3-9e07-f62344fd41b6.jpg, https://i.maxwork.pt/ds-l/listings/12400/6993396/18726796-fb4e-4558-bc21-1690c290a6bb.jpg, https://i.maxwork.pt/ds-l/listings/12400/6993396/2ffdf148-9536-46d6-a471-67be13bd2d1c.jpg, https://i.maxwork.pt/ds-l/listings/12400/6993396/3bdca8e5-424d-42a1-a691-ba11ebe5a1a9.jpg, https://i.maxwork.pt/ds-l/listings/12400/6993396/f9c69b49-738a-4636-ab94-6d4657ae0aa6.jpg, https://i.maxwork.pt/ds-l/listings/12400/6993396/45c57301-87df-42c9-89f5-dd4895cb3ea8.jpg, https://i.maxwork.pt/ds-l/listings/12400/6993396/89a20e54-9791-4872-a203-cbc07cf1d233.jpg, https://i.maxwork.pt/ds-l/listings/12400/6993396/bf8aaace-506a-4b08-a1bd-2d8828718436.jpg"
Apartamento T4 para arrendar em Cascais,3 490 ‚Ç¨,"Espa√ßoso T4 Triplex | Descubra este elegante e funcional apartamento T4 triplex, totalmente mobilado, situado no 4.¬∫ andar de um pr√©dio com dois elevadores, na tranquila e bem localizada Praceta Outeiro de Vela, em Cascais. | Caracter√≠sticas principais do im√≥vel: | 4 quartos, sendo um deles uma suite com casa de banho privativa | Um quarto com op√ß√£o para escrit√≥rio ou zona de trabalho | Cozinha em conceito aberto, totalmente equipada e integrada na sala de estar | Ar condicionado nos quartos | Vidros duplos | Triplex com excelente distribui√ß√£o de √°reas e luz natural | Totalmente mobilado ‚Äì pronto a habitar | Infraestruturas e comodidades: | Localizado no 4.¬∫ andar com dois elevadores | Condom√≠nio com acesso direto ao Parque Urbano do Outeiro de Vela e ao Trilho da Ribeira das Vinhas ‚Äì ideal para caminhadas, desporto ao ar livre e momentos em fam√≠lia | Parquinho infantil dentro do condom√≠nio ‚Äì seguro e perfeito para crian√ßas | Localiza√ß√£o privilegiada: | A 5 minutos do centro de Cascais e das praias | Zona residencial tranquila, com f√°cil acesso a com√©rcio, escolas, transportes p√∫blicos e vias r√°pidas (A5) | Ambiente ideal para fam√≠lias que procuram qualidade de vida perto da natureza e da cidade | Este √© um im√≥vel √∫nico que combina espa√ßo, conforto e localiza√ß√£o estrat√©gica ‚Äì uma excelente oportunidade para viver com estilo e tranquilidade em Cascais.
LU ‚Äì 29/1986

""A informa√ß√£o disponibilizada n√£o dispensa a sua confirma√ß√£o e n√£o pode ser considerada vinculativa."" |  |  |  |  |  | ",√Årea Bruta Privativa m¬≤ | 187 | √Årea Bruta m¬≤ | - - | √Årea Total do Lote m¬≤ | - - | √Årea √ötil m¬≤ | 150 | Quartos | 4 | Ano de Constru√ß√£o | 1986 | Piso | 4o Andar | WC/Casas de banho | 2 | Elevador | Sim | Estacionamento | N√£o | Carregamento de Carros El√©tricos | N√£o | Efici√™ncia energ√©tica | ,"https://i.maxwork.pt/l-feat/listings/12403/6991849/c3758379-b0fb-467a-a775-7fde3b3d7ea6.jpg, https://i.maxwork.pt/l-feat/listings/12403/6991849/c0ca6871-ffd8-4ea9-a0ad-27e995facddc.jpg, https://i.maxwork.pt/l-feat/listings/12403/6991849/233feb4b-7f48-4a1c-9ecb-be2d93502a22.jpg, https://i.maxwork.pt/l-feat/listings/12403/6991849/0ae38783-91a4-48bd-bdf6-6fe4d07f7355.jpg, https://i.maxwork.pt/l-feat/listings/12403/6991849/1e339aee-50e0-4b1d-bdf5-b3638b3bd8ef.jpg, https://i.maxwork.pt/ds-l/listings/12403/6991849/c0ca6871-ffd8-4ea9-a0ad-27e995facddc.jpg, https://i.maxwork.pt/ds-l/listings/12403/6991849/233feb4b-7f48-4a1c-9ecb-be2d93502a22.jpg, https://i.maxwork.pt/ds-l/listings/12403/6991849/0ae38783-91a4-48bd-bdf6-6fe4d07f7355.jpg, https://i.maxwork.pt/ds-l/listings/12403/6991849/1e339aee-50e0-4b1d-bdf5-b3638b3bd8ef.jpg, https://i.maxwork.pt/ds-l/listings/12403/6991849/83899ce7-83b4-41f5-9858-d3eefe09fbde.jpg, https://i.maxwork.pt/ds-l/listings/12403/6991849/fa8f6d0d-6ba5-406f-a0fd-742d7c6fef0d.jpg, https://i.maxwork.pt/ds-l/listings/12403/6991849/73f840c0-fd7c-4ea2-b967-86fb0fe8fba4.jpg, https://i.maxwork.pt/ds-l/listings/12403/6991849/b29c8291-270f-4fe5-97b0-aa2dd10b5908.jpg, https://i.maxwork.pt/ds-l/listings/12403/6991849/38d3836b-c34a-4e4f-b49d-2ddd1c24967f.jpg, https://i.maxwork.pt/ds-l/listings/12403/6991849/ddcabd7d-5c9a-4020-a05b-4b4accd0c475.jpg, https://i.maxwork.pt/ds-l/listings/12403/6991849/8ede3655-1d93-4e58-8c9c-8778100e158b.jpg"
Apartamento T4 para arrendar em √âvora,1 200 ‚Ç¨,"Andar de moradia Duplex para Arrendamento em √âvora | Localizado no cora√ß√£o da cidade hist√≥rica de √âvora, classificada como Patrim√≥nio Mundial pela UNESCO, este encantador andar de moradia T4 de dois pisos oferece uma oportunidade √∫nica no mercado imobili√°rio. A propriedade beneficia de uma localiza√ß√£o privilegiada, a apenas cinco minutos a p√© da emblem√°tica S√© Catedral e com f√°cil acesso a todo o com√©rcio e servi√ßos da zona central. | Caracter√≠sticas do im√≥vel: | Tipologia: T4 duplex | 1 arrecada√ß√£o | Termoacumulador | 4 quartos | 1 sala espa√ßosa | 1 cozinha totalmente equipada | 3 casas de banho | M√°quina de lavar roupa inclu√≠da

Lareira | Cozinha equipada com: | Exaustor | Forno el√©trico multifun√ß√µes | Placa a g√°s | Frigor√≠fico combinado no-frost | Arm√°rios embutidos | Microondas | Proximidades: | 6 minutos a p√© do Mercado Pingo Doce | 6 minutos de v√°rios mini-mercados | 12 minutos a p√© do Jardim do Granito de √âvora | 14 minutos a p√© da Universidade de √âvora (Escola de Enfermagem) | 12 minutos a p√© do Col√©gio do Esp√≠rito Santo - Universidade de √âvora | 5 minutos a p√© da Farm√°cia dos √Ålamos | 4 minutos de carro do Templo Romano de √âvora | Esta moradia, situado no segundo piso do edif√≠cio, possui um terra√ßo privado, ideal para desfrutar do clima alentejano. Esta tipologia de dois pisos √© uma caracter√≠stica rara no centro hist√≥rico da cidade. | Licen√ßa de Utiliza√ß√£o n¬∫ 468, emitida em 20/11/1973 pela C√¢mara Municipal de √âvora.

******************* | Duplex residence for Rent in √âvora | Located in the heart of √âvora's historic center, a UNESCO World Heritage Site, this charming 4-bedroom duplex apartment offers a unique opportunity in the real estate market. The property enjoys a privileged location, just a five-minute walk from the iconic √âvora Cathedral and with easy access to all central amenities. | Property Features: | Type: T4 duplex | 1 storage room | Individual heating | 4 bedrooms | 1 spacious living room | 1 fully equipped kitchen | 3 bathrooms | Washing machine included | Fireplace | Fully Equipped Kitchen Includes: | Extractor hood | Multifunction electric oven | Gas stove | No-frost combination refrigerator | Built-in cabinets | Surrounding Area: | 6-minute walk to Pingo Doce Market | 6 minutes to various convenience stores | 12-minute walk to Jardim do Granito (Granite Garden) | 14-minute walk to University of √âvora (Nursing School) | 12-minute walk to Col√©gio do Esp√≠rito Santo (University of √âvora) | 5-minute walk to Farm√°cia dos √Ålamos | 4-minute drive to Roman Temple of √âvora | Situated on the second floor of the building, the residence features a private terrace, perfect for enjoying the Alentejo climate. This two-level layout is a rare find in the city's historic center. | ******************* | ÂüÉÊ≠¶ÊãâÂá∫ÁßüÂÖ¨ÂØì | ‰ΩçÊñºË¢´ËÅØÂêàÂúãÊïôÁßëÊñáÁµÑÁπîÂàóÁÇ∫‰∏ñÁïåÈÅ∫Áî¢ÁöÑÂüÉÊ≠¶ÊãâÊ≠∑Âè≤‰∏≠ÂøÉÂçÄÔºåÈÄôÈñìËø∑‰∫∫ÁöÑ4ÊàøË§áÂºèÂÖ¨ÂØìÁÇ∫ÊàøÂú∞Áî¢Â∏ÇÂ†¥Êèê‰æõ‰∫ÜÁç®ÁâπÁöÑÊ©üÊúÉ„ÄÇË©≤Áâ©Ê•≠Âú∞ÁêÜ‰ΩçÁΩÆÂÑ™Ë∂äÔºåË∑ùÈõ¢Ê®ôË™åÊÄßÁöÑÂüÉÊ≠¶ÊãâÂ§ßÊïôÂ†ÇÂÉÖÈúÄÊ≠•Ë°å‰∫îÂàÜÈêòÔºå‰∏îÂèØËºïÈ¨ÜÂâçÂæÄÂ∏Ç‰∏≠ÂøÉÊâÄÊúâ‰æøÂà©Ë®≠ÊñΩ„ÄÇ | Áâ©Ê•≠ÁâπËâ≤: | ÊàøÂûã: T4Ë§áÂºè | 1ÈñìÂÑ≤ËóèÂÆ§ | Áç®Á´ã‰æõÊöñÁ≥ªÁµ± | 4ÈñìËá•ÂÆ§ | 1ÈñìÂØ¨ÊïûÂÆ¢Âª≥ | 1ÈñìË®≠ÂÇôÈΩäÂÖ®ÁöÑÂªöÊàø | 3ÈñìÊµ¥ÂÆ§ | ÈôÑÊ¥óË°£Ê©ü | Â£ÅÁàê | Ë®≠ÂÇôÈΩäÂÖ®ÁöÑÂªöÊàøÂåÖÂê´: | ÊäΩÊ≤πÁÖôÊ©ü | Â§öÂäüËÉΩÈõªÁÉ§ÁÆ± | Áì¶ÊñØÁàê | ÁÑ°ÈúúÁµÑÂêàÂºèÂÜ∞ÁÆ± | ÂµåÂÖ•ÂºèÊ´•Ê´É | Âë®ÈÇäÁí∞Â¢É: | Ê≠•Ë°å6ÂàÜÈêòËá≥Pingo DoceË∂ÖÂ∏Ç | 6ÂàÜÈêòÂèØÈÅîÂ§öÂÆ∂‰æøÂà©ÂïÜÂ∫ó | Ê≠•Ë°å12ÂàÜÈêòËá≥Ëä±Â¥óÂ≤©Ëä±Âúí | Ê≠•Ë°å14ÂàÜÈêòËá≥ÂüÉÊ≠¶ÊãâÂ§ßÂ≠∏(Ë≠∑ÁêÜÂ≠∏Èô¢) | Ê≠•Ë°å12ÂàÜÈêòËá≥ËÅñÈùàÂ≠∏Èô¢(ÂüÉÊ≠¶ÊãâÂ§ßÂ≠∏) | Ê≠•Ë°å5ÂàÜÈêòËá≥√ÅlamosËó•Êàø | ÈñãËªä4ÂàÜÈêòÂèØÈÅîÂüÉÊ≠¶ÊãâÁæÖÈ¶¨Á•ûÂªü | ÂÖ¨ÂØì‰ΩçÊñºÂª∫ÁØâÁâ©ÁöÑ‰∫åÊ®ìÔºåË®≠ÊúâÁßÅ‰∫∫Èú≤Âè∞ÔºåÊòØ‰∫´ÂèóÈòøÈÄ£ÁâπËåπÂú∞ÂçÄÊ∞£ÂÄôÁöÑÁêÜÊÉ≥Â†¥ÊâÄ„ÄÇÈÄôÁ®ÆÂÖ©Â±§Âºè‰ΩàÂ±ÄÂú®Ê≠∑Âè≤‰∏≠ÂøÉÂçÄÂØ¶Â±¨ÁΩïË¶ã„ÄÇ",√Årea Bruta Privativa m¬≤ | 100 | √Årea Bruta m¬≤ | - - | √Årea Total do Lote m¬≤ | - - | √Årea √ötil m¬≤ | 96 | Quartos | 4 | Ano de Constru√ß√£o | 1975 | Piso | 1o Andar | WC/Casas de banho | 3 | Elevador | N√£o | Estacionamento | N√£o | Carregamento de Carros El√©tricos | N√£o | Efici√™ncia energ√©tica | ,"https://i.maxwork.pt/l-feat/listings/12149/6994315/815b8d63-0145-472d-be8c-bb505f9f0aab.jpg, https://i.maxwork.pt/l-feat/listings/12149/6994315/324e7a20-23df-4883-a382-d105e8407776.jpg, https://i.maxwork.pt/l-feat/listings/12149/6994315/673fbcf8-f39d-4f8c-aa4e-26229c8a271d.jpg, https://i.maxwork.pt/l-feat/listings/12149/6994315/2f340623-7f43-4b36-b7b7-38ed980b7886.jpg, https://i.maxwork.pt/l-feat/listings/12149/6994315/ac48dc7f-5f01-4728-812c-bb169d59dbe5.jpg, https://i.maxwork.pt/ds-l/listings/12149/6994315/324e7a20-23df-4883-a382-d105e8407776.jpg, https://i.maxwork.pt/ds-l/listings/12149/6994315/673fbcf8-f39d-4f8c-aa4e-26229c8a271d.jpg, https://i.maxwork.pt/ds-l/listings/12149/6994315/2f340623-7f43-4b36-b7b7-38ed980b7886.jpg, https://i.maxwork.pt/ds-l/listings/12149/6994315/ac48dc7f-5f01-4728-812c-bb169d59dbe5.jpg, https://i.maxwork.pt/ds-l/listings/12149/6994315/db3a3c97-4810-48c2-af2e-80733bd99333.jpg, https://i.maxwork.pt/ds-l/listings/12149/6994315/e53591a4-9f08-4cc7-be52-6fd9ff82054a.jpg, https://i.maxwork.pt/ds-l/listings/12149/6994315/8c69041c-3efb-4294-8e6f-1c972cfb0b11.jpg, https://i.maxwork.pt/ds-l/listings/12149/6994315/b6aaed6d-d23e-4601-b7d5-85d6d26a0ca9.jpg, https://i.maxwork.pt/ds-l/listings/12149/6994315/2b6417b5-b813-4e3a-aac8-544b2e8987dc.jpg, https://i.maxwork.pt/ds-l/listings/12149/6994315/e5d80fc6-0afe-4957-893a-7f0fba78570b.jpg, https://i.maxwork.pt/ds-l/listings/12149/6994315/27764bd7-a351-4cb8-bcf0-8edf0ae85fe7.jpg, https://i.maxwork.pt/ds-l/listings/12149/6994315/bc022edd-d3ef-4b46-8d79-4b116885664e.jpg, https://i.maxwork.pt/ds-l/listings/12149/6994315/fc59cfbe-a98f-4fc0-b8ba-99971f1bde77.jpg, https://i.maxwork.pt/ds-l/listings/12149/6994315/a3275700-d9b9-47ad-a4da-9f64ea7b2fe9.jpg, https://i.maxwork.pt/ds-l/listings/12149/6994315/e81cee82-0aba-4030-b1bc-c126587ea417.jpg, https://i.maxwork.pt/ds-l/listings/12149/6994315/d14228fd-7f87-4e9a-a2f5-bcd8c0f1c0a6.jpg, https://i.maxwork.pt/ds-l/listings/12149/6994315/97bd0f3e-5cca-4518-9cdc-c37c234cc24e.jpg, https://i.maxwork.pt/ds-l/listings/12149/6994315/ab5eeedd-203a-40b9-ad7c-910502301f8b.jpg"
Apartamento T4 para arrendar em Praia Madalena,2 100 ‚Ç¨,"[CONDI√á√ïES DE ARRENDAMENTO: Apresenta√ß√£o de comprovativos da capacidade financeira do inquilino e fiador (3 √∫ltimos recibos de vencimento, √∫ltima declara√ß√£o de IRS, nota de liquida√ß√£o, comprovativo v√≠nculo laboral e em caso de empresa comprovativo de balancete, etc.). Na celebra√ß√£o do contrato de arrendamento pagamento de duas rendas + duas rendas a t√≠tulo de cau√ß√£o.]

Fant√°stico apartamento T3+1 Duplex, como novo e de qualidade premium, inserido em condom√≠nio privado a 800 metros da praia da Madalena ‚Äì Vila Nova de Gaia. | Este im√≥vel encontra-se num excelente estado de conserva√ß√£o, constru√ß√£o robusta e de qualidade de 2009 e muito bem distribu√≠do. No 1¬∫ piso temos a sala com lareira (recuperador de calor) e acesso a uma excelente varanda, cozinha totalmente mobilada e equipada tamb√©m com varanda, lavandaria independente, Wc Social e o +1 que poder√° ser um escrit√≥rio, ou uma divis√£o extra para o que necessitar. No piso 2 dispomos de tr√™s quartos, todos eles com acessos a varandas e com uma master suite com walk in closet e casa de banho privativa. Tamb√©m encontramos uma casa de banho completa de apoio aos outros dois quartos. | Neste piso o hall de distribui√ß√£o dos quartos tem uma claraboia que permite entrada de muita luz na casa. Orienta√ß√£o Solar: Nascente/Poente. | O condom√≠nio disp√µe de espa√ßos verdes, sala de condom√≠nio que poder√° ser utilizada por cond√≥minos e poder√° usufruir de excelentes momentos em fam√≠lia e/ou amigos. | Apesar de ser muito pr√≥ximo √†s praias, este im√≥vel destaca-se pela privacidade pela abund√¢ncia de zonas verdes na sua envolv√™ncia, o que o torna √∫nico na qualidade e bem-estar do quotidiano. | Na cave disp√µe de uma box fechada (garagem) para dois carros. | Marque j√° a sua visita!",√Årea Bruta Privativa m¬≤ | 185 | √Årea Bruta m¬≤ | 238 | √Årea Total do Lote m¬≤ | - - | √Årea √ötil m¬≤ | 185 | Quartos | 4 | Ano de Constru√ß√£o | 2009 | Piso | 1o Andar | WC/Casas de banho | 3 | Elevador | N√£o | Estacionamento | 2 Lugares | Carregamento de Carros El√©tricos | Sim | Efici√™ncia energ√©tica | ,"https://i.maxwork.pt/l-feat/listings/12506/6980822/74534a77-3683-4e4c-b24a-3b5c804d8ca0.jpg, https://i.maxwork.pt/l-feat/listings/12506/6980822/2be8b64a-7f08-4e51-84d2-b56a90b06f8c.jpg, https://i.maxwork.pt/l-feat/listings/12506/6980822/a30655ff-d6cb-44b8-b549-3b76e215c1aa.jpg, https://i.maxwork.pt/l-feat/listings/12506/6980822/4315c533-eeed-42a4-848c-e64fee43c426.jpg, https://i.maxwork.pt/l-feat/listings/12506/6980822/9bfbf566-a59c-427f-94f0-b63835a8fdd0.jpg, https://i.maxwork.pt/ds-l/listings/12506/6980822/2be8b64a-7f08-4e51-84d2-b56a90b06f8c.jpg, https://i.maxwork.pt/ds-l/listings/12506/6980822/a30655ff-d6cb-44b8-b549-3b76e215c1aa.jpg, https://i.maxwork.pt/ds-l/listings/12506/6980822/4315c533-eeed-42a4-848c-e64fee43c426.jpg, https://i.maxwork.pt/ds-l/listings/12506/6980822/9bfbf566-a59c-427f-94f0-b63835a8fdd0.jpg, https://i.maxwork.pt/ds-l/listings/12506/6980822/cdb5bc91-9980-438a-9fe1-115b87533079.jpg, https://i.maxwork.pt/ds-l/listings/12506/6980822/eb98ee27-f619-4283-8890-464e6b623386.jpg, https://i.maxwork.pt/ds-l/listings/12506/6980822/550934b9-698f-4e5c-be66-c83a8be549d5.jpg, https://i.maxwork.pt/ds-l/listings/12506/6980822/4f59f85f-2694-4e46-8419-df1fbe84a809.jpg, https://i.maxwork.pt/ds-l/listings/12506/6980822/3d2cf673-a6b0-4583-b165-34d859ae3dca.jpg, https://i.maxwork.pt/ds-l/listings/12506/6980822/44dc4a3a-9552-4ee9-8ba8-660882a3cb63.jpg, https://i.maxwork.pt/ds-l/listings/12506/6980822/f5bfed08-cdbb-4d07-9406-8f6f41cecf0a.jpg, https://i.maxwork.pt/ds-l/listings/12506/6980822/92b433d0-3345-41ab-ae77-2c2e9c6a32b8.jpg, https://i.maxwork.pt/ds-l/listings/12506/6980822/b59dbccc-6ed8-45ca-acdb-e28d2657cbab.jpg, https://i.maxwork.pt/ds-l/listings/12506/6980822/5d2c659e-5cc1-40e3-b221-36e9e19b8350.jpg, https://i.maxwork.pt/ds-l/listings/12506/6980822/71c2af74-4250-424c-b4b2-44de63be1ae8.jpg, https://i.maxwork.pt/ds-l/listings/12506/6980822/a5cc8444-1093-412a-9450-0cbcee501d17.jpg, https://i.maxwork.pt/ds-l/listings/12506/6980822/cef2b19d-6aee-4575-a1bf-2d706832737d.jpg, https://i.maxwork.pt/ds-l/listings/12506/6980822/5158f9af-84a0-44cd-b9f4-11a8d941804b.jpg, https://i.maxwork.pt/ds-l/listings/12506/6980822/ba3a10ad-8d5d-433e-bc64-b1a2c2450a6b.jpg, https://i.maxwork.pt/ds-l/listings/12506/6980822/537f9127-f97d-4831-98f2-fda13f884a95.jpg, https://i.maxwork.pt/ds-l/listings/12506/6980822/0adab13f-6751-401c-9d2b-aeff84571316.jpg, https://i.maxwork.pt/ds-l/listings/12506/6980822/f8dd4e9b-84aa-46ed-9dc8-c5de24c3a6ff.jpg, https://i.maxwork.pt/ds-l/listings/12506/6980822/019cca6b-d838-4cbd-927c-d6e6c842e4df.jpg, https://i.maxwork.pt/ds-l/listings/12506/6980822/deb9a4a1-955e-4631-82a9-1cbe877fef87.jpg, https://i.maxwork.pt/ds-l/listings/12506/6980822/87398c54-fba6-4ab0-a7c4-9e8f46402d51.jpg, https://i.maxwork.pt/ds-l/listings/12506/6980822/1ae9eaef-d74f-4161-af5e-da8ac425c51e.jpg, https://i.maxwork.pt/ds-l/listings/12506/6980822/f1025e0d-f7df-4cd4-bfb0-5bed80ee1592.jpg, https://i.maxwork.pt/ds-l/listings/12506/6980822/b6646df8-4374-4d76-8f52-dfc8754aac81.jpg, https://i.maxwork.pt/ds-l/listings/12506/6980822/146cc36b-aac8-4dc4-bb9b-ef78ded57e5b.jpg, https://i.maxwork.pt/ds-l/listings/12506/6980822/b27e7b47-f889-4509-801c-62cf07499e18.jpg, https://i.maxwork.pt/ds-l/listings/12506/6980822/920a3925-213d-4244-b5c4-a95f3f96e315.jpg, https://i.maxwork.pt/ds-l/listings/12506/6980822/6ac9f7db-7a39-450f-b4a2-cd9efcc89913.jpg, https://i.maxwork.pt/ds-l/listings/12506/6980822/85cb53ec-2b64-4459-b294-a86a2aa9720d.jpg, https://i.maxwork.pt/ds-l/listings/12506/6980822/7f1f998b-9c86-408c-ac54-9a7160092c28.jpg"
Apartamento T5 para arrendar em Avenidas Novas,3 300 ‚Ç¨,"Apartamento para arrendamento | Excelente apartamento T5 para arrendamento, sem m√≥veis, inserido em pr√©dio de charme, com elevador .
O apartamento, recentemente renovado, √© composto por hall/corredor, sala, 2 ambientes (sala de jantar ou quarto), 3 quartos, 1 suite, cozinha, arruma√ß√£o e casas de banho. Possui climatiza√ß√£o e vidros duplos... | Muito bem localizado, junto ao El Corte Ingl√™s e Museu Calouste Gulbenkian.

Perto de todos os tipos de transporte, acessos √†s Autoestradas e comercio.",√Årea Bruta Privativa m¬≤ | 185 | √Årea Bruta m¬≤ | - - | √Årea Total do Lote m¬≤ | - - | √Årea √ötil m¬≤ | 176 | Quartos | 5 | Ano de Constru√ß√£o | 1951 | Piso | 3o Andar | WC/Casas de banho | 2 | Elevador | Sim | Estacionamento | N√£o | Carregamento de Carros El√©tricos | N√£o | Efici√™ncia energ√©tica | ,"https://i.maxwork.pt/l-feat/listings/12291/6979921/cd04808f-0838-43b2-9a21-2c1b9843bf12.jpg, https://i.maxwork.pt/l-feat/listings/12291/6979921/bd8fb0c9-2ea6-4dc3-b957-a9a7543d7c25.jpg, https://i.maxwork.pt/l-feat/listings/12291/6979921/0391cc71-6646-4b6d-b1bc-cc75f51f1cd2.jpg, https://i.maxwork.pt/l-feat/listings/12291/6979921/71e736e1-68a8-4840-aa3d-bb64228a35e1.jpg, https://i.maxwork.pt/l-feat/listings/12291/6979921/0dca1c6f-eeea-4c95-90a0-d1e70704891e.jpg, https://i.maxwork.pt/ds-l/listings/12291/6979921/bd8fb0c9-2ea6-4dc3-b957-a9a7543d7c25.jpg, https://i.maxwork.pt/ds-l/listings/12291/6979921/0391cc71-6646-4b6d-b1bc-cc75f51f1cd2.jpg, https://i.maxwork.pt/ds-l/listings/12291/6979921/71e736e1-68a8-4840-aa3d-bb64228a35e1.jpg, https://i.maxwork.pt/ds-l/listings/12291/6979921/0dca1c6f-eeea-4c95-90a0-d1e70704891e.jpg, https://i.maxwork.pt/ds-l/listings/12291/6979921/0951ba72-25b3-467f-9601-e85055af0215.jpg, https://i.maxwork.pt/ds-l/listings/12291/6979921/166a7a8c-c9e7-440f-bb39-b68f47dd1caf.jpg, https://i.maxwork.pt/ds-l/listings/12291/6979921/f8493a48-6474-4cfe-b658-7fa057418c25.jpg, https://i.maxwork.pt/ds-l/listings/12291/6979921/33543e3a-cd7a-4af6-82cd-2e0bad6c7da3.jpg, https://i.maxwork.pt/ds-l/listings/12291/6979921/8402b498-7288-42d6-bbf1-5825457fb0f6.jpg, https://i.maxwork.pt/ds-l/listings/12291/6979921/d0e76c12-c670-40cf-890d-d4bc7f3be2a9.jpg, https://i.maxwork.pt/ds-l/listings/12291/6979921/74784661-f8e4-4a50-ae9f-001cba6af7cd.jpg, https://i.maxwork.pt/ds-l/listings/12291/6979921/6bde111c-5e50-46dd-a5ff-646f5c4bb101.jpg, https://i.maxwork.pt/ds-l/listings/12291/6979921/88dd9e8f-aff5-400f-bd57-684251547842.jpg, https://i.maxwork.pt/ds-l/listings/12291/6979921/003e962d-422c-4550-a3ce-d94b12b22701.jpg, https://i.maxwork.pt/ds-l/listings/12291/6979921/ba7c9aac-cd00-48ce-b08b-62b086e278df.jpg, https://i.maxwork.pt/ds-l/listings/12291/6979921/ab9e09b3-eb4d-4778-b99c-11691ebd1a7d.jpg, https://i.maxwork.pt/ds-l/listings/12291/6979921/d5f79c07-b14f-4a7c-8242-97a61e0d02e4.jpg, https://i.maxwork.pt/ds-l/listings/12291/6979921/49f236ef-1f3c-47c6-b528-eb8f35486a4a.jpg, https://i.maxwork.pt/ds-l/listings/12291/6979921/8366948d-2a16-4813-a423-034fbca47a39.jpg, https://i.maxwork.pt/ds-l/listings/12291/6979921/3c781fa7-eeb7-4de7-9626-0831743dca53.jpg, https://i.maxwork.pt/ds-l/listings/12291/6979921/bf62ea47-9731-4966-9d57-bbbefef75642.jpg, https://i.maxwork.pt/ds-l/listings/12291/6979921/8a1331e9-a30b-43b8-8421-98ecd8ee64a1.jpg, https://i.maxwork.pt/ds-l/listings/12291/6979921/24420b3f-2743-4c26-9689-cc75b11a697e.jpg, https://i.maxwork.pt/ds-l/listings/12291/6979921/c4eede0f-fc09-4afa-a2cf-9973eb9e73fc.jpg, https://i.maxwork.pt/ds-l/listings/12291/6979921/b1bb4d6a-2f2b-4721-933e-21657236336e.jpg, https://i.maxwork.pt/ds-l/listings/12291/6979921/84c5f36c-fd80-496b-8d8a-6994a3e1eea8.jpg, https://i.maxwork.pt/ds-l/listings/12291/6979921/93194082-3c41-42f5-8b5a-370f67d6ed3b.jpg, https://i.maxwork.pt/ds-l/listings/12291/6979921/7c1625f7-5068-492e-9526-bbe5fdfd27ea.jpg, https://i.maxwork.pt/ds-l/listings/12291/6979921/2a467fec-14ff-4e58-beba-0b4e6d56cc39.jpg"
Apartamento T4 para arrendar em Porto,2 500 ‚Ç¨,"‚úÖ ARRENDAMENTO - T4 ‚úÖ

üì£ Rua da Venezuela - Bessa Leite - Porto

üëâCondi√ß√µes de Arrendamento no fim do an√∫ncio.

üîî** S√≥ s√£o tidas em considera√ß√£o, as propostas que apresentem toda a documenta√ß√£o solicitada, obrigada. **

‚ùé N√ÉO S√ÉO ADMITIDOS ANIMAIS DE ESTIMA√á√ÉO.

Descri√ß√£o: | Im√≥vel: | ************************* | ************************** | Garagem box, para duas viaturas, com port√£o
autom√°tico (novo) & Sala de arrumos fechada.

Al√©m da nobre localiza√ß√£o, o im√≥vel destaca-se pelas suas grandes √°reas e pela capacidade de arruma√ß√£o. A sua luminosidade, ampliada pelas vistas desafogadas da
ampla varanda exposta a sudoeste, que acompanha toda a sala, √© uma das caracter√≠sticas mais not√°veis do im√≥vel. | O im√≥vel foi totalmente reabilitado para dar as boas vindas aos novos inquilinos. | Descrito com boa vizinhan√ßa, situa-se junto √† entrada da VCI e √† Avenida da Boavista, em Bessa Leite, onde abundam todo o tipo de servi√ßos e com√©rcios essenciais para o
seu quotidiano.

500 metros ‚Äì Museu e Jardins de Serralves,
940 metros ‚Äì Metro de Francos,
1 Km ‚Äì Supermercado Mercadona,
1 km ‚Äì Col√©gio Alem√£o do Porto,
1, 200 km ‚Äì Casa da M√∫sica,
1, 200 km ‚Äì Faculdade de Arquitetura,
1, 400 km ‚Äì Supermercado LIDL.
S√≥ s√£o tidas em considera√ß√£o propostas de arrendamento, quando acompanhadas
da seguinte documenta√ß√£o:
- C√≥pia do cart√£o de cidad√£o dos proponentes;
- √öltimo IRS (Mod 3) + Nota de Liquida√ß√£o dos proponentes;
- Tr√™s √∫ltimos recibos de vencimento dos proponentes;
- Contrato de trabalho ou V√≠nculo laboral ou Declara√ß√£o de efetividade atual
dos proponentes;
- Declara√ß√£o de n√£o-divida √† Seguran√ßa Social dos proponentes;
- Declara√ß√£o de n√£o-divida √†s Finan√ßas dos proponentes;

Condi√ß√µes do arrendamento:
- Quatro rendas a entregar, aquando a assinatura de contrato de arrendamento,
sendo duas para efeito de cau√ß√£o e duas adiantadas a t√≠tulo de sinal;

- O valor de cau√ß√£o ser√° devolvido aquando o t√©rmino do contrato de
arrendamento, caso o im√≥vel seja entregue em condi√ß√µes id√™nticas √†s que foi
recebido (ser√£o utilizadas as fotos promocionais do im√≥vel para compara√ß√£o). | Licen√ßa de Utiliza√ß√£o n¬∫ 42 emitida em 28\02\1991 pela C. M. de Porto | Venha conhecer-nos. ü•∞ü•∞

Porque mais do que transacionar imoveis? Ajudamos a concretizar
sonhos. üè†üß°",√Årea Bruta Privativa m¬≤ | 173 | √Årea Bruta m¬≤ | 228 | √Årea Total do Lote m¬≤ | - - | √Årea √ötil m¬≤ | 173 | Quartos | 4 | Ano de Constru√ß√£o | 1994 | Piso | Acima do 10o Andar | WC/Casas de banho | 4 | Elevador | Sim | Estacionamento | 2 Lugares | Carregamento de Carros El√©tricos | Sim | Efici√™ncia energ√©tica | ,"https://i.maxwork.pt/l-feat/listings/12355/6992297/f5e6fab9-81ab-48e7-aa8c-9b7dd5a8fcd1.jpg, https://i.maxwork.pt/l-feat/listings/12355/6992297/8216d063-2388-4735-9678-24ba223c715c.jpg, https://i.maxwork.pt/l-feat/listings/12355/6992297/4b606692-fafc-41e7-a209-621a77bc2a20.jpg, https://i.maxwork.pt/l-feat/listings/12355/6992297/5515203a-11fe-4804-9e7c-ae33ed3984f2.jpg, https://i.maxwork.pt/l-feat/listings/12355/6992297/d67b13f0-5995-4c99-ab47-6d79124a0287.jpg, https://i.maxwork.pt/ds-l/listings/12355/6992297/8216d063-2388-4735-9678-24ba223c715c.jpg, https://i.maxwork.pt/ds-l/listings/12355/6992297/4b606692-fafc-41e7-a209-621a77bc2a20.jpg, https://i.maxwork.pt/ds-l/listings/12355/6992297/5515203a-11fe-4804-9e7c-ae33ed3984f2.jpg, https://i.maxwork.pt/ds-l/listings/12355/6992297/d67b13f0-5995-4c99-ab47-6d79124a0287.jpg, https://i.maxwork.pt/ds-l/listings/12355/6992297/509252cb-02e3-4881-a358-92f7abdef4ce.jpg, https://i.maxwork.pt/ds-l/listings/12355/6992297/70834d7c-dc72-467d-813f-7f1e8cddc75c.jpg, https://i.maxwork.pt/ds-l/listings/12355/6992297/1aa1d768-e7ea-4371-bafa-2b972e021e6a.jpg, https://i.maxwork.pt/ds-l/listings/12355/6992297/65f65d8d-01f6-47b1-9231-82691ba1ae83.jpg, https://i.maxwork.pt/ds-l/listings/12355/6992297/92068ce7-1f30-4ecc-9ed6-749d86ecaef0.jpg, https://i.maxwork.pt/ds-l/listings/12355/6992297/34edbe03-3afa-4f6c-a7fc-d1b85c013fda.jpg, https://i.maxwork.pt/ds-l/listings/12355/6992297/dd6fe08f-6061-4b8f-add3-4a52556686b9.jpg, https://i.maxwork.pt/ds-l/listings/12355/6992297/f52aa9e8-c129-4bf8-b4dc-5e729ef9f122.jpg, https://i.maxwork.pt/ds-l/listings/12355/6992297/17d82ef2-f263-4205-920b-bb085b6e853a.jpg, https://i.maxwork.pt/ds-l/listings/12355/6992297/49219c82-4de2-450f-b4f6-d7aa1e4b740a.jpg, https://i.maxwork.pt/ds-l/listings/12355/6992297/331bc595-d793-4bb2-bafb-4f864e3f0d39.jpg, https://i.maxwork.pt/ds-l/listings/12355/6992297/f9fcb771-6784-4304-bf8a-69bf888f2428.jpg, https://i.maxwork.pt/ds-l/listings/12355/6992297/03985a42-5f9a-45b8-ad78-5a0df8ce89e1.jpg, https://i.maxwork.pt/ds-l/listings/12355/6992297/8eae7ad8-75b9-4145-912c-c3b6e3f275e8.jpg, https://i.maxwork.pt/ds-l/listings/12355/6992297/31c67f63-50be-4a0d-857b-2c64d644735e.jpg, https://i.maxwork.pt/ds-l/listings/12355/6992297/7c4b20b0-2b7f-46e7-b097-a3b817e926fc.jpg, https://i.maxwork.pt/ds-l/listings/12355/6992297/8d196a33-520a-4cdc-8ec1-fa7b548eeb7f.jpg, https://i.maxwork.pt/ds-l/listings/12355/6992297/d0c33af7-9026-4d62-b144-bea2bd939db2.jpg, https://i.maxwork.pt/ds-l/listings/12355/6992297/71f97929-82e2-4ee3-a8e5-09f1a00d6244.jpg, https://i.maxwork.pt/ds-l/listings/12355/6992297/558e8d3e-ce6f-46a1-a27c-035a555c4449.jpg, https://i.maxwork.pt/ds-l/listings/12355/6992297/1258f73c-977d-4a5e-898f-02ff24a1367b.jpg, https://i.maxwork.pt/ds-l/listings/12355/6992297/62ceb1b2-ac17-4b50-90dc-44fd6d02215c.jpg, https://i.maxwork.pt/ds-l/listings/12355/6992297/261f1c1e-a3e6-456f-9840-3238f82de010.jpg, https://i.maxwork.pt/ds-l/listings/12355/6992297/2d0eb2c2-8f3f-471e-b08f-adad7f95b3dc.jpg, https://i.maxwork.pt/ds-l/listings/12355/6992297/e8811d34-d3b2-4340-9fc7-c5a5d77b18aa.jpg, https://i.maxwork.pt/ds-l/listings/12355/6992297/a169a17a-406d-42b0-bd84-56847d6e70b4.jpg, https://i.maxwork.pt/ds-l/listings/12355/6992297/e789b8f9-b6d4-4f38-bbd9-ae85bf861e97.jpg, https://i.maxwork.pt/ds-l/listings/12355/6992297/44e1fa4c-15ed-4423-8c6f-258543213bb9.jpg"
Apartamento T4 para arrendar em Jardim da Radial,1 750 ‚Ç¨,"Apartamento de 5 assoalhadas, em excelente estado de conserva√ß√£o, com 2 frentes, excelente exposi√ß√£o solar, vistas desafogada, com √°reas bastante generosas e 2 casas de banho. | Pr√©dio com 2 elevadores, excelente localiza√ß√£o, bons acessos e zona de parqueamento junto ao pr√©dio.
Perto de transportes p√∫blicos, e de todo o tipo de com√©rcio e servi√ßos, bancos, clinicas, escolas e universidade. | No apartamento podemos contar com:
- 1 Suite com casa de banho com banheira e varanda
- 2 Quartos com roupeiros embutidos
- 1 Quarto amplo
- Cozinha totalmente equipada com todos os eletrodom√©sticos | O im√≥vel conta ainda com algumas carateristicas, tais como aquecimento central. Zona com cobertura de fibra √≥tica. | Condi√ßoes arrendamento: | 2 meses de renda + 2 meses de cau√ß√£o | -Contrato empregador de efetivadade;
-Nota de Liquida√ß√£o IRS;
-√öltimos 3 Recibos de Vencimento;
-Fiadores com Nacionalidade Portuguesa;
-Contrato de arrendamento anual Renov√°vel; | N√£o √© permitido sub-arrendamento ou aluguer de quartos; | Marque j√° a sua visita | ",√Årea Bruta Privativa m¬≤ | 140 | √Årea Bruta m¬≤ | - - | √Årea Total do Lote m¬≤ | 320 | √Årea √ötil m¬≤ | 120 | Quartos | 4 | Ano de Constru√ß√£o | 2003 | Piso | 1o Andar | WC/Casas de banho | 2 | Elevador | Sim | Estacionamento | N√£o | Carregamento de Carros El√©tricos | N√£o | Efici√™ncia energ√©tica | ,"https://i.maxwork.pt/l-feat/listings/12440/6993311/e943bfc4-3c82-40e1-9eb8-f0522d7c144f.jpg, https://i.maxwork.pt/l-feat/listings/12440/6993311/3f3d3952-b4ed-4064-a1cc-b6a4b0745298.jpg, https://i.maxwork.pt/l-feat/listings/12440/6993311/0a3022c9-c652-4e90-838e-82e40f38b9fe.jpg, https://i.maxwork.pt/l-feat/listings/12440/6993311/12bd0886-a0c7-46bd-908d-ae7a54df2ba6.jpg, https://i.maxwork.pt/l-feat/listings/12440/6993311/de3d75ed-2ad7-4d08-bbe5-051da188ea54.jpg, https://i.maxwork.pt/ds-l/listings/12440/6993311/3f3d3952-b4ed-4064-a1cc-b6a4b0745298.jpg, https://i.maxwork.pt/ds-l/listings/12440/6993311/0a3022c9-c652-4e90-838e-82e40f38b9fe.jpg, https://i.maxwork.pt/ds-l/listings/12440/6993311/12bd0886-a0c7-46bd-908d-ae7a54df2ba6.jpg, https://i.maxwork.pt/ds-l/listings/12440/6993311/de3d75ed-2ad7-4d08-bbe5-051da188ea54.jpg"
